<?xml version="1.0"?>
<Artistes>
	<Artiste><Nom>Bonnie Tyler</Nom><Pays>UK</Pays></Artiste>
	<Artiste><Nom>Gary Moore</Nom><Pays>UK</Pays></Artiste>
	<Artiste><Nom>Bee Gees</Nom><Pays>UK</Pays></Artiste>
	<Artiste><Nom>Dr.Hook</Nom><Pays>UK</Pays></Artiste>
	<Artiste><Nom>Rod Stewart</Nom><Pays>UK</Pays></Artiste>
	<Artiste><Nom>Kenny Rogers</Nom><Pays>UK</Pays></Artiste>
	<Artiste><Nom>Van Morrison</Nom><Pays>UK</Pays></Artiste>
	<Artiste><Nom>Cat Stevens</Nom><Pays>UK</Pays></Artiste>
	<Artiste><Nom>Sam Brown</Nom><Pays>UK</Pays></Artiste>
	<Artiste><Nom>T'Pau</Nom><Pays>UK</Pays></Artiste>
	<Artiste><Nom>Tina Turner</Nom><Pays>UK</Pays></Artiste>
	<Artiste><Nom>Luciano Pavarotti</Nom><Pays>UK</Pays></Artiste>
	<Artiste><Nom>The Communards</Nom><Pays>UK</Pays></Artiste>
</Artistes>
