<?xml version="1.0" encoding="UTF-8"?>
<ARTISTES><ARTISTE naissance="1955"><ACTNOM>Anglade</ACTNOM><ACTPNOM>Jean-Hughes</ACTPNOM></ARTISTE><ARTISTE naissance=""><ACTNOM>Annaud</ACTNOM><ACTPNOM>Jean-Jacques</ACTPNOM></ARTISTE><ARTISTE naissance="1959"><ACTNOM>Arquette</ACTNOM><ACTPNOM>Rosanna</ACTPNOM></ARTISTE><ARTISTE naissance="1950"><ACTNOM>Balasko</ACTNOM><ACTPNOM>Josiane</ACTPNOM></ARTISTE><ARTISTE naissance="1960"><ACTNOM>Barr</ACTNOM><ACTPNOM>Jean-Marc</ACTPNOM></ARTISTE><ARTISTE naissance=""><ACTNOM>Bening</ACTNOM><ACTPNOM>Anette</ACTPNOM></ARTISTE><ARTISTE naissance="1959"><ACTNOM>Besson</ACTNOM><ACTPNOM>Luc</ACTPNOM></ARTISTE><ARTISTE naissance="1952"><ACTNOM>Blanc</ACTNOM><ACTPNOM>Michel</ACTPNOM></ARTISTE><ARTISTE naissance="1962"><ACTNOM>Broderick</ACTNOM><ACTPNOM>Matthew</ACTPNOM></ARTISTE><ARTISTE naissance="1964"><ACTNOM>Bullock</ACTNOM><ACTPNOM>Sandra</ACTPNOM></ARTISTE><ARTISTE naissance="1958"><ACTNOM>Burton</ACTNOM><ACTPNOM>Tim</ACTPNOM></ARTISTE><ARTISTE naissance="1965"><ACTNOM>Béart</ACTNOM><ACTPNOM>Emmanuelle</ACTPNOM></ARTISTE><ARTISTE naissance="1964"><ACTNOM>Cage</ACTNOM><ACTPNOM>Nicolas</ACTPNOM></ARTISTE><ARTISTE naissance="1954"><ACTNOM>Cameron</ACTNOM><ACTPNOM>James</ACTPNOM></ARTISTE><ARTISTE naissance=""><ACTNOM>Chapman</ACTNOM><ACTPNOM>Brenda</ACTPNOM></ARTISTE><ARTISTE naissance="1952"><ACTNOM>Clavier</ACTNOM><ACTPNOM>Christian</ACTPNOM></ARTISTE><ARTISTE naissance="1930"><ACTNOM>Connery</ACTNOM><ACTPNOM>Sean</ACTPNOM></ARTISTE><ARTISTE naissance=""><ACTNOM>Crowe</ACTNOM><ACTPNOM>Russell</ACTPNOM></ARTISTE><ARTISTE naissance="1962"><ACTNOM>Cruise</ACTNOM><ACTPNOM>Tom</ACTPNOM></ARTISTE><ARTISTE naissance="1914"><ACTNOM>De Funès</ACTNOM><ACTPNOM>Louis</ACTPNOM></ARTISTE><ARTISTE naissance="1940"><ACTNOM>De Palma</ACTNOM><ACTPNOM>Brian</ACTPNOM></ARTISTE><ARTISTE naissance="1944"><ACTNOM>Demme</ACTNOM><ACTPNOM>Jonathan</ACTPNOM></ARTISTE><ARTISTE naissance=""><ACTNOM>Depp</ACTNOM><ACTPNOM>Johnny</ACTPNOM></ARTISTE><ARTISTE naissance="1974"><ACTNOM>DiCaprio</ACTNOM><ACTPNOM>Leonardo</ACTPNOM></ARTISTE><ARTISTE naissance=""><ACTNOM>Diaz</ACTNOM><ACTPNOM>Cameron</ACTPNOM></ARTISTE><ARTISTE naissance=""><ACTNOM>Dillon</ACTNOM><ACTPNOM>Mat</ACTPNOM></ARTISTE><ARTISTE naissance=""><ACTNOM>Dreyfus</ACTNOM><ACTPNOM>Richard</ACTPNOM></ARTISTE><ARTISTE naissance="1941"><ACTNOM>Dunaway</ACTNOM><ACTPNOM>Fane</ACTPNOM></ARTISTE><ARTISTE naissance=""><ACTNOM>Dutronc</ACTNOM><ACTPNOM>Jacques</ACTPNOM></ARTISTE><ARTISTE naissance="1930"><ACTNOM>Eastwood</ACTNOM><ACTPNOM>Clint</ACTPNOM></ARTISTE><ARTISTE naissance="1955"><ACTNOM>Emmerich</ACTNOM><ACTPNOM>Roland</ACTPNOM></ARTISTE><ARTISTE naissance=""><ACTNOM>Farrelly</ACTNOM><ACTPNOM>Bobby</ACTPNOM></ARTISTE><ARTISTE naissance="1962"><ACTNOM>Fiennes</ACTNOM><ACTPNOM>Ralph</ACTPNOM></ARTISTE><ARTISTE naissance=""><ACTNOM>Fincher</ACTNOM><ACTPNOM>David</ACTPNOM></ARTISTE><ARTISTE naissance="1961"><ACTNOM>Fishburne</ACTNOM><ACTPNOM>Laurence</ACTPNOM></ARTISTE><ARTISTE naissance=""><ACTNOM>Fisher</ACTNOM><ACTPNOM>Carrie</ACTPNOM></ARTISTE><ARTISTE naissance="1942"><ACTNOM>Ford</ACTNOM><ACTPNOM>Harrison</ACTPNOM></ARTISTE><ARTISTE naissance="1962"><ACTNOM>Foster</ACTNOM><ACTPNOM>Jodie</ACTPNOM></ARTISTE><ARTISTE naissance=""><ACTNOM>Freeman</ACTNOM><ACTPNOM>Morgan</ACTPNOM></ARTISTE><ARTISTE naissance="1922"><ACTNOM>Galabru</ACTNOM><ACTPNOM>Michel</ACTPNOM></ARTISTE><ARTISTE naissance=""><ACTNOM>Gilliam</ACTNOM><ACTPNOM>Terry</ACTPNOM></ARTISTE><ARTISTE naissance=""><ACTNOM>Girault</ACTNOM><ACTPNOM>Jean</ACTPNOM></ARTISTE><ARTISTE naissance="1952"><ACTNOM>Goldblum</ACTNOM><ACTPNOM>Jeff</ACTPNOM></ARTISTE><ARTISTE naissance="1904"><ACTNOM>Grant</ACTNOM><ACTPNOM>Cary</ACTPNOM></ARTISTE><ARTISTE naissance=""><ACTNOM>Hackman</ACTNOM><ACTPNOM>Gene</ACTPNOM></ARTISTE><ARTISTE naissance=""><ACTNOM>Hamill</ACTNOM><ACTPNOM>Mark</ACTPNOM></ARTISTE><ARTISTE naissance=""><ACTNOM>Harlin</ACTNOM><ACTPNOM>Renny</ACTPNOM></ARTISTE><ARTISTE naissance="1950"><ACTNOM>Harris</ACTNOM><ACTPNOM>Ed</ACTPNOM></ARTISTE><ARTISTE naissance=""><ACTNOM>Hauer</ACTNOM><ACTPNOM>Rutger</ACTPNOM></ARTISTE><ARTISTE naissance="1931"><ACTNOM>Hedren</ACTNOM><ACTPNOM>Tippi</ACTPNOM></ARTISTE><ARTISTE naissance="1899"><ACTNOM>Hitchcock</ACTNOM><ACTPNOM>Alfred</ACTPNOM></ARTISTE><ARTISTE naissance="1937"><ACTNOM>Hoffman</ACTNOM><ACTPNOM>Dustin</ACTPNOM></ARTISTE><ARTISTE naissance="1931"><ACTNOM>Holm</ACTNOM><ACTPNOM>Ian</ACTPNOM></ARTISTE><ARTISTE naissance="1937"><ACTNOM>Hopkins</ACTNOM><ACTPNOM>Anthony</ACTPNOM></ARTISTE><ARTISTE naissance=""><ACTNOM>Jackson</ACTNOM><ACTPNOM>Samuel L.</ACTPNOM></ARTISTE><ARTISTE naissance="1975"><ACTNOM>Jovovich</ACTNOM><ACTPNOM>Milla</ACTPNOM></ARTISTE><ARTISTE naissance="1953"><ACTNOM>Karyo</ACTNOM><ACTPNOM>Tchéky</ACTPNOM></ARTISTE><ARTISTE naissance="1939"><ACTNOM>Keitel</ACTNOM><ACTPNOM>Harvey</ACTPNOM></ARTISTE><ARTISTE naissance="1929"><ACTNOM>Kelly</ACTNOM><ACTPNOM>Grace</ACTPNOM></ARTISTE><ARTISTE naissance="1967"><ACTNOM>Kidman</ACTNOM><ACTPNOM>Nicole</ACTPNOM></ARTISTE><ARTISTE naissance="1959"><ACTNOM>Kilmer</ACTNOM><ACTPNOM>Val</ACTPNOM></ARTISTE><ARTISTE naissance="1928"><ACTNOM>Kubrick</ACTNOM><ACTPNOM>Stanley</ACTPNOM></ARTISTE><ARTISTE naissance="1910"><ACTNOM>Kurozawa</ACTNOM><ACTPNOM>Akira</ACTPNOM></ARTISTE><ARTISTE naissance="1950"><ACTNOM>Lanvin</ACTNOM><ACTPNOM>Gérard</ACTPNOM></ARTISTE><ARTISTE naissance="1944"><ACTNOM>Lavanant</ACTNOM><ACTPNOM>Dominique</ACTPNOM></ARTISTE><ARTISTE naissance="1947"><ACTNOM>Leconte</ACTNOM><ACTPNOM>Patrice</ACTPNOM></ARTISTE><ARTISTE naissance="1927"><ACTNOM>Leigh</ACTNOM><ACTPNOM>Janet</ACTPNOM></ARTISTE><ARTISTE naissance="1942"><ACTNOM>Levinson</ACTNOM><ACTPNOM>Barry</ACTPNOM></ARTISTE><ARTISTE naissance="1952"><ACTNOM>Lhermite</ACTNOM><ACTPNOM>Thierry</ACTPNOM></ARTISTE><ARTISTE naissance=""><ACTNOM>Linney</ACTNOM><ACTPNOM>Laura</ACTPNOM></ARTISTE><ARTISTE naissance="1953"><ACTNOM>Malkovitch</ACTNOM><ACTPNOM>John</ACTPNOM></ARTISTE><ARTISTE naissance=""><ACTNOM>Marquand</ACTNOM><ACTPNOM>Richard</ACTPNOM></ARTISTE><ARTISTE naissance="1909"><ACTNOM>Mason</ACTNOM><ACTPNOM>James</ACTPNOM></ARTISTE><ARTISTE naissance="1957"><ACTNOM>McGillis</ACTNOM><ACTPNOM>Kelly</ACTPNOM></ARTISTE><ARTISTE naissance=""><ACTNOM>McTierman</ACTNOM><ACTPNOM>John</ACTPNOM></ARTISTE><ARTISTE naissance=""><ACTNOM>Mendes</ACTNOM><ACTPNOM>Sam</ACTPNOM></ARTISTE><ARTISTE naissance="1929"><ACTNOM>Miles</ACTNOM><ACTPNOM>Vera</ACTPNOM></ARTISTE><ARTISTE naissance="1937"><ACTNOM>Nicholson</ACTNOM><ACTPNOM>Jack</ACTPNOM></ARTISTE><ARTISTE naissance=""><ACTNOM>Novak</ACTNOM><ACTPNOM>Kim</ACTPNOM></ARTISTE><ARTISTE naissance="1958"><ACTNOM>Oldman</ACTNOM><ACTPNOM>Gary</ACTPNOM></ARTISTE><ARTISTE naissance=""><ACTNOM>Palud</ACTNOM><ACTPNOM>Hervé</ACTPNOM></ARTISTE><ARTISTE naissance="1960"><ACTNOM>Parillaud</ACTNOM><ACTPNOM>Anne</ACTPNOM></ARTISTE><ARTISTE naissance="1966"><ACTNOM>Penn</ACTNOM><ACTPNOM>Chris</ACTPNOM></ARTISTE><ARTISTE naissance="1932"><ACTNOM>Perkins</ACTNOM><ACTPNOM>Anthony</ACTPNOM></ARTISTE><ARTISTE naissance=""><ACTNOM>Pernnou</ACTNOM><ACTPNOM>Marie</ACTPNOM></ARTISTE><ARTISTE naissance="1957"><ACTNOM>Pfeiffer</ACTNOM><ACTPNOM>Michelle</ACTPNOM></ARTISTE><ARTISTE naissance="1925"><ACTNOM>Pialat</ACTNOM><ACTPNOM>Maurice</ACTPNOM></ARTISTE><ARTISTE naissance=""><ACTNOM>Pitt</ACTNOM><ACTPNOM>Brad</ACTPNOM></ARTISTE><ARTISTE naissance=""><ACTNOM>Portman</ACTNOM><ACTPNOM>Natalie</ACTPNOM></ARTISTE><ARTISTE naissance="1964"><ACTNOM>Reeves</ACTNOM><ACTPNOM>Keanu</ACTPNOM></ARTISTE><ARTISTE naissance="1948"><ACTNOM>Reno</ACTNOM><ACTPNOM>Jean</ACTPNOM></ARTISTE><ARTISTE naissance="1980"><ACTNOM>Ricci</ACTNOM><ACTPNOM>Christina</ACTPNOM></ARTISTE><ARTISTE naissance="1961"><ACTNOM>Roth</ACTNOM><ACTPNOM>Tim</ACTPNOM></ARTISTE><ARTISTE naissance=""><ACTNOM>Saint</ACTNOM><ACTPNOM>Eva Marie</ACTPNOM></ARTISTE><ARTISTE naissance=""><ACTNOM>Schwartzenegger</ACTNOM><ACTPNOM>Arnold</ACTPNOM></ARTISTE><ARTISTE naissance="1937"><ACTNOM>Scott</ACTNOM><ACTPNOM>Ridley</ACTPNOM></ARTISTE><ARTISTE naissance="1944"><ACTNOM>Scott</ACTNOM><ACTPNOM>Tony</ACTPNOM></ARTISTE><ARTISTE naissance=""><ACTNOM>Shaw</ACTNOM><ACTPNOM>Robert</ACTPNOM></ARTISTE><ARTISTE naissance=""><ACTNOM>Sheider</ACTNOM><ACTPNOM>Roy</ACTPNOM></ARTISTE><ARTISTE naissance=""><ACTNOM>Slater</ACTNOM><ACTPNOM>Christian</ACTPNOM></ARTISTE><ARTISTE naissance=""><ACTNOM>Spacey</ACTNOM><ACTPNOM>Kevin</ACTPNOM></ARTISTE><ARTISTE naissance="1946"><ACTNOM>Spielberg</ACTNOM><ACTPNOM>Steven</ACTPNOM></ARTISTE><ARTISTE naissance="1908"><ACTNOM>Stewart</ACTNOM><ACTPNOM>James</ACTPNOM></ARTISTE><ARTISTE naissance=""><ACTNOM>Tarantino</ACTNOM><ACTPNOM>Quentin</ACTPNOM></ARTISTE><ARTISTE naissance="1932"><ACTNOM>Tarkovski</ACTNOM><ACTPNOM>Andrei</ACTPNOM></ARTISTE><ARTISTE naissance=""><ACTNOM>Taylor</ACTNOM><ACTPNOM>Rod</ACTPNOM></ARTISTE><ARTISTE naissance=""><ACTNOM>Thurman</ACTNOM><ACTPNOM>Uma</ACTPNOM></ARTISTE><ARTISTE naissance="1954"><ACTNOM>Travolta</ACTNOM><ACTPNOM>John</ACTPNOM></ARTISTE><ARTISTE naissance="1951"><ACTNOM>Villeret</ACTNOM><ACTPNOM>Jacques</ACTPNOM></ARTISTE><ARTISTE naissance="1938"><ACTNOM>Voight</ACTNOM><ACTPNOM>John</ACTPNOM></ARTISTE><ARTISTE naissance="1967"><ACTNOM>Wachowski</ACTNOM><ACTPNOM>Andy</ACTPNOM></ARTISTE><ARTISTE naissance="1943"><ACTNOM>Walken</ACTNOM><ACTPNOM>Christopher</ACTPNOM></ARTISTE><ARTISTE naissance=""><ACTNOM>Weaver</ACTNOM><ACTPNOM>Sigourney</ACTPNOM></ARTISTE><ARTISTE naissance="1955"><ACTNOM>Willis</ACTNOM><ACTPNOM>Bruce</ACTPNOM></ARTISTE><ARTISTE naissance="1975"><ACTNOM>Winslet</ACTNOM><ACTPNOM>Kate</ACTPNOM></ARTISTE><ARTISTE naissance=""><ACTNOM>Winslett</ACTNOM><ACTPNOM>Kate</ACTPNOM></ARTISTE><ARTISTE naissance="1946"><ACTNOM>Woo</ACTNOM><ACTPNOM>John</ACTPNOM></ARTISTE></ARTISTES>
